{
"width": 780, "height": 590,
"format": "jpg",
"type":"hsh",
"colorspace":"rgb",
"lights": [-0.803, 0.475, 0.361, -0.752, 0.196, 0.630, -0.580, 0.233, 0.781, -0.961, 0.117, 0.252, -0.817, -0.015, 0.576, -0.592, 0.031, 0.806, -0.853, -0.477, 0.211, -0.642, -0.438, 0.629, -0.434, -0.387, 0.814, -0.504, -0.817, 0.279, -0.430, -0.634, 0.643, -0.387, -0.495, 0.778, -0.058, -0.922, 0.383, 0.007, -0.774, 0.633, 0.037, -0.594, 0.804, 0.292, -0.898, 0.328, 0.143, -0.766, 0.627, 0.111, -0.546, 0.830, 0.732, -0.547, 0.406, 0.622, -0.416, 0.664, 0.511, -0.337, 0.791, 0.885, -0.275, 0.375, 0.771, -0.284, 0.570, 0.539, -0.229, 0.810, 0.895, 0.190, 0.403, 0.623, 0.216, 0.752, 0.485, 0.069, 0.872, 0.717, 0.586, 0.379, 0.550, 0.464, 0.694, 0.363, 0.374, 0.854, 0.073, 0.952, 0.297, -0.027, 0.664, 0.747, -0.095, 0.497, 0.863, -0.378, 0.875, 0.303, -0.390, 0.674, 0.627, -0.241, 0.616, 0.750],
"nplanes": 27,
"quality": 95,
"materials": [
{
 "scale": [1.45423,1.43593,1.38389,1.45117,1.40882,1.29214,1.07804,1.06491,0.968296,1.42563,1.39099,1.25766,0.509627,0.518936,0.478876,0.60293,0.606727,0.559649,0.780396,0.733778,0.681435,0.397931,0.395273,0.389616,0.513861,0.504641,0.459695],
 "bias": [-0.271612,-0.252816,-0.245923,0.512094,0.513807,0.519645,0.0750899,0.0735313,0.0719033,0.496645,0.493874,0.487703,0.513382,0.499318,0.485859,0.505542,0.504805,0.49216,0.368285,0.338759,0.354881,0.471439,0.466187,0.459232,0.525066,0.519541,0.498621] }
]
}
