{
"width": 2917, "height": 2874,
"format": "jpg",
"type":"hsh",
"colorspace":"rgb",
"lights": [-0.351, 0.558, 0.751, -0.377, 0.715, 0.588, -0.418, 0.817, 0.397, -0.459, 0.865, 0.204, -0.109, 0.526, 0.843, -0.047, 0.755, 0.654, -0.012, 0.896, 0.444, 0.001, 0.982, 0.188, 0.187, 0.366, 0.911, 0.379, 0.526, 0.761, 0.529, 0.662, 0.530, 0.639, 0.731, 0.240, 0.288, 0.055, 0.956, 0.565, 0.134, 0.814, 0.788, 0.152, 0.596, 0.946, 0.174, 0.273, 0.223, -0.259, 0.940, 0.478, -0.373, 0.795, 0.673, -0.482, 0.561, 0.804, -0.531, 0.267, 0.001, -0.470, 0.883, 0.098, -0.672, 0.735, 0.246, -0.823, 0.512, 0.267, -0.938, 0.219, -0.279, -0.523, 0.806, -0.249, -0.720, 0.648, -0.240, -0.877, 0.416, -0.254, -0.951, 0.178, -0.531, -0.423, 0.734, -0.581, -0.564, 0.588, -0.615, -0.683, 0.394, -0.646, -0.745, 0.167, -0.615, -0.287, 0.734, -0.715, -0.359, 0.599, -0.801, -0.415, 0.433, -0.862, -0.445, 0.242, -0.703, -0.079, 0.707, -0.819, -0.103, 0.564, -0.912, -0.125, 0.390, -0.967, -0.141, 0.212, -0.684, 0.178, 0.708, -0.815, 0.203, 0.542, -0.911, 0.245, 0.331, -0.957, 0.262, 0.122, -0.580, 0.385, 0.718, -0.659, 0.473, 0.584, -0.764, 0.549, 0.340, -0.811, 0.585, 0.014],
"nplanes": 27,
"quality": 95,
"materials": [
{
 "scale": [0.555076,0.550286,0.54475,0.589451,0.58664,0.570327,0.405622,0.41279,0.403283,0.533098,0.518184,0.511281,0.362706,0.356851,0.35267,0.304164,0.30348,0.302687,0.337734,0.343208,0.33847,0.296553,0.294068,0.2903,0.337861,0.327527,0.328825],
 "bias": [-0.722044,-0.735256,-0.712826,0.392709,0.394574,0.393013,0.308109,0.309541,0.303825,0.47245,0.464157,0.466599,0.495859,0.495716,0.481556,0.534907,0.54787,0.548947,0.433471,0.424988,0.424286,0.550308,0.548499,0.545141,0.553467,0.558311,0.556662] }
]
}
